Id,BIRTHDATE,DEATHDATE,SSN,DRIVERS,PASSPORT,PREFIX,FIRST,LAST,SUFFIX,MAIDEN,MARITAL,RACE,ETHNICITY,GENDER,BIRTHPLACE,ADDRESS,CITY,STATE,COUNTY,FIPS,ZIP,LAT,LON,HEALTHCARE_EXPENSES,HEALTHCARE_COVERAGE,INCOME
025bc586-1429-05e2-ae9f-978a068f42fa,2015-07-31,,999-32-7114,,,,Mora,Nienow,,,,asian,nonhispanic,F,Springfield  Massachusetts  US,204 Koelpin Vista,Billerica,Massachusetts,Middlesex County,,00000,42.59428301680855,-71.28822434963779,1300.00,11858.63,24353
52b6f08a-21d8-60a8-3dbb-eedd5b662da2,2021-01-20,,999-84-8812,,,,Dusti,Hoppe,,,,white,nonhispanic,F,Berlin  Berlin  DE,268 Wintheiser Track,Newton,Massachusetts,Middlesex County,25017,02460,42.31133464967239,-71.20617975133304,6709.66,0.00,70455
17885864-7eca-0aa7-f767-1e0e5db7e53e,1947-01-25,,999-46-5874,S99979080,X89382813X,Mrs.,Alex,Hyatt,,Crona,M,white,nonhispanic,F,South Hadley  Massachusetts  US,964 Cartwright Terrace,Amesbury,Massachusetts,Essex County,25009,01913,42.816405535445284,-70.93927451818261,124565.35,910971.49,167169
60d04bd3-06ca-9e8a-fc2d-1763a2e3ff95,1961-01-03,,999-78-2691,S99974252,X44733087X,Mrs.,Pura,Hyatt,,Cruickshank,D,white,nonhispanic,F,Newton  Massachusetts  US,986 Conn Path Apt 53,Taunton,Massachusetts,Bristol County,25005,02780,41.85547334715104,-71.10209817835873,15506.04,609770.37,6401
6b272a28-867f-b462-e147-72153c1837d1,1996-02-02,,999-21-5495,S99946569,X3348420X,Ms.,Ana María,Vega,,,,black,hispanic,F,Lima  Lima Province  PE,1069 Weber Arcade,Boston,Massachusetts,Suffolk County,25025,02128,42.28974323931308,-71.06921513820825,7000.00,357192.50,4817
0cea2ee1-4e01-f50c-bf35-a3247a6c52ea,2003-10-30,,999-12-1588,S99985767,,Ms.,Jene,Crooks,,,,white,nonhispanic,F,Haverhill  Massachusetts  US,983 Hoeger Passage,Lawrence,Massachusetts,Essex County,25009,01840,42.70304858580212,-71.202502376186,25763.81,16724.79,41434
48916e1b-2d63-c526-ea3c-e625181a197c,1997-03-14,,999-16-8736,S99974810,X79528741X,Ms.,Ludivina,Waters,,,,white,nonhispanic,F,North Andover  Massachusetts  US,829 Mertz Union Apt 7,Boston,Massachusetts,Suffolk County,25025,02115,42.35270544390385,-71.08755038469845,7163.41,93819.62,1120
0e9a2600-bb4a-0751-750e-28bd9062dace,2000-11-09,,999-87-5094,S99978609,X57220863X,Ms.,Jesse,Mueller,,,,white,nonhispanic,F,Somerville  Massachusetts  US,805 Dibbert Brook Unit 52,Wellesley,Massachusetts,Norfolk County,25021,02482,42.314102233076966,-71.30952574939667,104699.79,751720.69,848960
de89443f-25e0-904b-34f3-bc6a2bad19f4,1999-07-05,,999-58-7615,S99995523,X72001865X,Ms.,Cheryll,Huel,,,,asian,nonhispanic,F,Plymouth  Massachusetts  US,879 Stark Trailer,Watertown,Massachusetts,Middlesex County,25017,02472,42.411059622351715,-71.20851108338034,32837.56,108.54,107261
65f6993a-dae3-d00e-72ea-4b0b6751893d,2019-11-08,,999-81-9785,,,,Roxana,Nicolas,,,,white,nonhispanic,F,Baldwinville  Massachusetts  US,690 Wolff Road Suite 12,Princeton,Massachusetts,Worcester County,,00000,42.4201521382073,-71.92291568353289,7255.51,10978.81,84005
ad8f3c2f-c292-268a-5bed-b1d9ffe63111,2016-05-20,,999-58-2129,,,,Laverne,Kutch,,,,white,nonhispanic,F,Andover  Massachusetts  US,926 Hamill Lock Suite 69,Dracut,Massachusetts,Middlesex County,,00000,42.63265732005718,-71.33288781068848,9789.60,4529.71,64079
984e999b-d753-cb6b-cf66-2dfc840db25e,1980-12-16,,999-66-3913,S99938670,X21592443X,Mrs.,Glayds,Goldner,,Blanda,M,white,nonhispanic,F,Boston  Massachusetts  US,306 Pollich Green,Harwich,Massachusetts,Barnstable County,,00000,41.707467951614376,-70.06603140313474,240174.79,269889.82,42744
6b9554cc-4560-9d92-bad8-907b2496d112,2018-08-21,,999-87-4099,,,,Creola,Cruickshank,,,,white,nonhispanic,F,Boston  Massachusetts  US,833 Schoen Parade Suite 21,Worcester,Massachusetts,Worcester County,25027,01605,42.28119132395991,-71.7882821344337,15585.07,2191.65,48300
f959daca-2b3d-14f7-2ec8-94bbbe9a0537,1968-12-02,,999-38-5996,S99959496,X46657435X,Ms.,Keiko,Wiza,,,S,white,nonhispanic,F,New Bedford  Massachusetts  US,363 Robel Estate Suite 65,Somerville,Massachusetts,Middlesex County,25017,02138,42.401899146252696,-71.08455871138064,703623.94,976136.90,104079
5af4b8c9-5ec5-2ae3-cc58-93f63d395ec0,2022-03-25,,999-91-6415,,,,Milissa,Rowe,,,,white,nonhispanic,F,Worcester  Massachusetts  US,136 Macejkovic Stravenue,Waltham,Massachusetts,Middlesex County,25017,02451,42.393934511176816,-71.19506282118375,1940.19,1928.79,315270
714fc8fd-43f5-cbf6-671d-b4c14687ac64,1997-03-22,,999-56-4837,S99951300,X41416366X,Ms.,Lesia,Gerlach,,,,white,hispanic,F,Beverly  Massachusetts  US,100 Jerde Arcade Unit 82,Boston,Massachusetts,Suffolk County,25025,02199,42.39888409341547,-70.9631242674858,411738.17,360320.97,81819
af54e620-8f47-a4e4-92d3-b3dbade590ba,2017-04-25,,999-53-9672,,,,Zulma,Beahan,,,,white,nonhispanic,F,Westford  Massachusetts  US,238 McCullough Track Suite 1,Boston,Massachusetts,Suffolk County,25025,02121,42.38682376223485,-71.09985539494926,1449.66,20785.29,15227
486cb5a7-c940-141a-9487-67a6fba964a6,1962-07-07,,999-57-6264,S99936295,X31432798X,Mrs.,Hassie,Jenkins,,Corkery,M,white,nonhispanic,F,Milton  Massachusetts  US,1053 Mraz Well Apt 71,Fall River,Massachusetts,Bristol County,25005,02724,41.5935319120186,-71.047811364628,11985.55,803476.59,20220
63a3fc31-d2ab-8456-e2e1-96e96311b11b,1977-08-18,,999-74-3408,S99934542,X37527805X,Ms.,Wai,Carroll,,,S,other,hispanic,F,Greenfield  Massachusetts  US,922 O'Reilly Vista Unit 52,Lancaster,Massachusetts,Worcester County,,00000,42.50985319867291,-71.64809894547945,126573.40,414314.86,189225
23d9189b-97e5-30d0-a3b8-516a6c296403,1965-05-14,2003-03-08,999-34-2673,S99938708,X25859362X,Ms.,Rosario,Terry,,,S,white,nonhispanic,F,Leominster  Massachusetts  US,331 Kuphal Drive,Beverly,Massachusetts,Essex County,25009,01915,42.59924148150387,-70.83932274329861,12925.93,388764.88,19462
ecc2fa45-328e-cefc-7c49-960443f70108,1981-11-20,,999-24-5585,S99939738,X21261581X,Ms.,Loida,Will,,,S,white,nonhispanic,F,Boston  Massachusetts  US,509 Ondricka Grove,Natick,Massachusetts,Middlesex County,,00000,42.26547586727034,-71.36999009436025,270937.94,670494.64,34322
7bb91702-bbce-f823-296d-967711dc6f56,1972-11-20,,999-60-9635,S99963041,X25401083X,Ms.,Casandra,Hickle,,,S,white,nonhispanic,F,Reading  Massachusetts  US,167 Gislason Highlands Suite 7,Groveland,Massachusetts,Essex County,,00000,42.77608588120534,-71.0623103010079,861456.40,630482.30,117826
3f11497a-70a1-aff4-ee77-bfb170215016,1965-05-14,,999-70-6238,S99987289,X50616809X,Mrs.,Shandi,Wyman,,Cormier,W,white,nonhispanic,F,Haverhill  Massachusetts  US,244 Jacobson Gateway,Beverly,Massachusetts,Essex County,25009,01915,42.52290123805181,-70.86760973491499,21195.32,983098.15,19462
8343747a-8ca0-f40b-0290-3b84a8ea2987,2021-01-18,,999-40-5742,,,,Kendall,Christiansen,,,,asian,nonhispanic,F,Chelmsford  Massachusetts  US,859 Stokes Track,Lowell,Massachusetts,Middlesex County,25017,01851,42.61685729321135,-71.25868903440345,7559.95,125.10,115329
1ac239d6-67c3-0d13-9ee9-ae7d3d5ad9c6,1997-01-17,,999-68-9734,S99978349,X11239431X,Ms.,Kiera,Reinger,,,,asian,nonhispanic,F,Shanghai  Shanghai Municipality  CN,1001 Haley Glen Unit 3,Arlington,Massachusetts,Middlesex County,25017,02474,42.449253650915544,-71.13813419509422,15470.83,800092.27,15690
e9d87f04-a7a1-57d1-5755-f40f035482b7,2011-01-02,,999-31-2095,,,,Gilberte,McClure,,,,white,nonhispanic,F,Sudbury  Massachusetts  US,603 Torphy Rest,West Springfield,Massachusetts,Hampden County,25013,01089,42.17425245417069,-72.60635232306761,2050.00,15528.76,13744
d3004e89-37bf-643e-4811-76c822bb094a,1996-09-29,,999-36-9341,S99930301,X54808937X,Ms.,Carrie,Runolfsdottir,,,,white,nonhispanic,F,Montague  Massachusetts  US,797 Bruen Drive Apt 8,Sandwich,Massachusetts,Barnstable County,25001,02563,41.7115099607845,-70.467514795114,50295.66,619332.53,65946
91027fe1-feab-83ab-fee7-09baa444374c,2006-09-26,,999-99-4892,S99922645,,,Denny,Fay,,,,white,nonhispanic,F,Stoughton  Massachusetts  US,460 Ledner Wynd Apt 14,Beverly,Massachusetts,Essex County,25009,01915,42.60543613997618,-70.85685771143747,2050.00,16991.77,7758
71f93960-1e87-c8f7-fef3-5bc0fb62af24,2002-12-03,,999-96-9307,S99957656,X31109275X,Ms.,Caroll,Tremblay,,,,white,nonhispanic,F,Deerfield  Massachusetts  US,604 Friesen Passage Apt 87,Arlington,Massachusetts,Middlesex County,25017,02474,42.38853300780392,-71.17670323969391,12822.35,67756.48,1055
2d53d3d8-8ee3-ef43-2949-25e0c32bf851,2021-11-11,,999-74-7742,,,,Kathe,Bartoletti,,,,white,nonhispanic,F,Millville  Massachusetts  US,330 Witting Club Suite 61,Longmeadow,Massachusetts,Hampden County,25013,01106,42.07094866647248,-72.62086494924763,5931.26,0.00,119932
b857782f-5450-72da-2a64-b5d08f874d14,1987-12-25,,999-58-2199,S99953688,X78921876X,Mrs.,Leonor,Olivo,,Ledesma,D,white,hispanic,F,San Juan  Puerto Rico  PR,1025 Dickinson Avenue Apt 80,Chelsea,Massachusetts,Suffolk County,25025,02151,42.404341839283234,-71.05255997710495,133652.03,54662.57,61435
5b73f754-6490-d28d-4ecf-dc4f96f321ce,1964-12-10,,999-36-7623,S99933591,X52713047X,Ms.,Blanca,Baumbach,,,S,white,nonhispanic,F,Boston  Massachusetts  US,698 Daugherty Loaf,North Falmouth,Massachusetts,Barnstable County,25001,02556,41.65588810419128,-70.57609973299613,794172.03,737731.17,71928
ce8a560d-7285-a2da-8286-e74c89b72796,1971-07-17,1976-03-18,999-57-4006,,,,Awilda,Schumm,,,,white,nonhispanic,F,Haverhill  Massachusetts  US,638 Zieme Camp,Boston,Massachusetts,Suffolk County,25025,02126,42.3454316848822,-71.12715455620136,8061.48,29703.79,34771
5e2dc825-0fde-6d5d-e7ad-1a10a5e63e77,1967-10-09,2011-06-10,999-23-8436,S99993425,X31963300X,Mrs.,Brandie,Williamson,,Frami,M,white,nonhispanic,F,Marshfield  Massachusetts  US,224 Purdy Avenue Suite 93,Walpole,Massachusetts,Norfolk County,25021,02081,42.17978175281092,-71.21699772620042,217257.33,798339.06,176145
5569b22b-3989-4022-2d9a-e38ab554075f,1977-01-08,,999-51-2102,S99915476,X5097384X,Mrs.,Jeni,Swift,,Purdy,M,white,nonhispanic,F,Granby  Massachusetts  US,442 Friesen Way,Lexington,Massachusetts,Middlesex County,25017,02421,42.483783630660334,-71.19399127949782,900808.40,876931.21,117134
c9e1d732-70cd-8b10-6ade-17892c5deb61,1971-07-17,,999-37-1402,S99972870,X15164528X,Mrs.,Tyisha,Kunze,,Lehner,D,white,nonhispanic,F,Hardwick  Massachusetts  US,970 Romaguera Mission Apt 64,Boston,Massachusetts,Suffolk County,25025,02113,42.324526852571545,-71.08056982073995,158950.16,1072417.96,34771
73bc9d62-19e6-6bc3-d0e4-1d7be3adfe22,2007-08-04,,999-61-7798,,,,Laverne,Paucek,,,,white,nonhispanic,F,East Longmeadow  Massachusetts  US,986 Prosacco Key Apt 63,Middleborough Center,Massachusetts,Plymouth County,,00000,41.89648679925692,-70.88285351582233,22842.35,23521.82,487056
61ff256b-1a6f-a29a-517a-868f20a468ba,1967-01-13,,999-77-3764,S99979157,X89028202X,Mrs.,Candis,Dickens,,Wilkinson,M,white,hispanic,F,New Bedford  Massachusetts  US,441 Rau Knoll,Springfield,Massachusetts,Hampden County,25013,01105,42.07205460948343,-72.5509120385446,20342.25,1774109.27,13509
9bef9bc1-860f-1abe-485a-b1ce04afd39c,1991-04-08,1995-12-12,999-73-9037,,,,Susann,Reinger,,,,black,nonhispanic,F,Medford  Massachusetts  US,675 Stark Frontage road Apt 91,Chelmsford,Massachusetts,Middlesex County,,00000,42.63326770601701,-71.38070348886187,25022.13,14352.11,67769
559cbc0f-c303-9c6a-a24f-7e5fe1a651e6,1975-05-13,,999-93-3657,S99950384,X30994944X,Mrs.,Rebecka,Daniel,,Schuster,M,white,nonhispanic,F,Boston  Massachusetts  US,190 Leannon Ferry,Revere,Massachusetts,Suffolk County,25025,02151,42.46324233969929,-70.95438849562694,21173.25,1488912.59,15538
98214c80-bfe6-dfe7-88e1-ed0fbbeb0894,1968-12-26,,999-45-9938,S99953974,X53608863X,Ms.,Rebeca,Espino,,,S,white,hispanic,F,Bogota  Bogota  CO,225 Davis Branch,Worcester,Massachusetts,Worcester County,25027,01545,42.267329843089136,-71.78568030654372,250122.36,591963.43,29060
696f1019-dcc7-257a-a41f-54cc96d7d818,1991-04-08,,999-44-9358,S99954702,X58061917X,Mrs.,Kyle,Turner,,Schuppe,M,black,nonhispanic,F,Springfield  Massachusetts  US,882 Kovacek Rest,Chelmsford,Massachusetts,Middlesex County,,00000,42.606367514636325,-71.37920720470251,218214.94,611600.53,67769
9e9eb85c-ab4c-8aad-240b-56b53f944d92,2010-10-11,,999-76-3312,,,,Armanda,Bartoletti,,,,white,nonhispanic,F,East Bridgewater  Massachusetts  US,1041 Zboncak Park Apt 8,Shrewsbury,Massachusetts,Worcester County,,00000,42.290657487036036,-71.74031037209178,19879.03,27956.55,123655
91608df1-af20-7bab-1ea8-8fdeaaeb8b58,1958-02-18,2017-08-07,999-92-8415,S99953566,X1628245X,Mrs.,Twila,Lindgren,,Reynolds,M,white,nonhispanic,F,Worcester  Massachusetts  US,892 Turner Forge Apt 91,Bellingham,Massachusetts,Norfolk County,25021,02019,42.07796227799123,-71.46174273365163,245168.17,1066413.09,130122
309fb651-6751-6f62-3664-a8cdddd70003,1955-09-16,,999-97-8903,S99963531,X20585554X,Mrs.,Lillian,Welch,,Cummings,D,white,nonhispanic,F,Palmer  Massachusetts  US,406 Grimes Station Apt 28,Brewster,Massachusetts,Barnstable County,25001,02631,41.75836624679333,-70.05213920932701,276658.01,124800.33,51651
4d4939db-eca1-02f9-1450-53a5b653c6b4,1958-02-18,,999-13-1503,S99966627,X46149666X,Mrs.,Fanny,Collins,,Mayer,D,white,nonhispanic,F,Lawrence  Massachusetts  US,1032 Stehr Loaf,Bellingham,Massachusetts,Norfolk County,25021,02019,42.09850400490331,-71.47776502450081,273706.81,689967.53,130122
0d3e0b01-95a3-0ee7-0fb3-9d2316d1a2b4,1951-05-18,1993-10-23,999-46-1839,S99920379,X10163300X,Mrs.,Janette,Farrell,,Kshlerin,M,asian,nonhispanic,F,Attleboro  Massachusetts  US,259 Murphy Gardens Suite 52,Pepperell,Massachusetts,Middlesex County,25017,01463,42.62544862566409,-71.62854940643615,563448.75,1085178.24,121996
39e37a64-61cb-d3d3-b998-aa4e40ac0445,1945-08-14,1999-09-27,999-97-5565,S99998585,X64949726X,Mrs.,Darci,Pfeffer,,Casper,M,white,nonhispanic,F,Norton Center  Massachusetts  US,446 VonRueden Row Apt 54,Milford,Massachusetts,Worcester County,25027,01757,42.19704931761221,-71.54744317565996,1536209.53,1839590.78,47127
491c643a-a4ff-f23c-9540-fe74ca62bb46,1970-03-29,,999-83-4696,S99938170,X82343592X,Mrs.,Minta,Friesen,,Weimann,D,white,nonhispanic,F,Westford  Massachusetts  US,683 Mann Trail Apt 18,Leyden,Massachusetts,Franklin County,,00000,42.68570337461271,-72.63389260869222,692524.95,50856.48,98968
3dc96fbd-d1d8-bf69-23b0-36f92e48d02e,1965-08-14,,999-76-9891,S99977330,X8330226X,Mrs.,Jeanice,O'Hara,,Schuppe,M,white,nonhispanic,F,Blackstone  Massachusetts  US,894 Bogisich Grove Suite 81,Newton,Massachusetts,Middlesex County,25017,02458,42.32676683673942,-71.19270137386303,142157.57,207057.04,131330
47488b77-8b71-337b-7a4b-e973464a6037,2020-11-18,,999-24-1748,,,,Mammie,Blanda,,,,white,nonhispanic,F,Agawam  Massachusetts  US,1042 Effertz Tunnel Apt 25,Randolph,Massachusetts,Norfolk County,25021,02368,42.175353477850685,-71.0713600911882,4558.79,3701.77,82337
5ed13bb1-9e73-ef7b-9730-de886017ac7c,1967-10-09,,999-43-1317,S99963518,X41635799X,Ms.,Kate,Dicki,,,S,white,nonhispanic,F,Boston  Massachusetts  US,979 Schroeder Bridge,Walpole,Massachusetts,Norfolk County,25021,02081,42.16282062442244,-71.23321439492013,428199.11,1111202.03,176145
3bd55f2e-07d0-dc61-310f-c6d56597df31,1951-05-18,,999-59-9647,S99917882,X43597967X,Mrs.,Kassandra,Hickle,,White,M,asian,nonhispanic,F,Waltham  Massachusetts  US,809 Mann Village,Pepperell,Massachusetts,Middlesex County,25017,01463,42.63647354449619,-71.6291648719163,283353.52,1165111.14,121996
6b5f29aa-e9a0-a1a4-e22a-790bb09f093e,1945-08-14,1995-03-28,999-23-9154,S99947188,X41956557X,Ms.,Verlene,Waters,,,S,white,nonhispanic,F,Pembroke  Massachusetts  US,797 Skiles Viaduct Apt 17,Milford,Massachusetts,Worcester County,25027,01757,42.14686802353312,-71.47748738283376,650748.76,201963.46,47127
92b83525-9c87-9471-a903-1964667bedf9,2018-11-16,,999-27-3887,,,,Michal,Ryan,,,,other,nonhispanic,F,Norwood  Massachusetts  US,1090 Adams Lane Apt 80,Medway,Massachusetts,Norfolk County,,00000,42.1870495524647,-71.45013617956535,6463.67,3372.33,47012
efe49f02-94fb-19ac-9793-7c3ad8cec429,2017-10-26,,999-37-1583,,,,Heike,Blick,,,,other,nonhispanic,F,Westport  Massachusetts  US,183 Runte Frontage road Apt 43,Raynham Center,Massachusetts,Bristol County,25005,02768,41.938581710139786,-71.03833612928557,5419.72,10251.42,31840
25e2be7d-6570-abb8-4f1c-599bc6513848,1997-11-09,2012-01-30,999-45-4160,,,,Sharell,Koepp,,,,white,nonhispanic,F,Uxbridge  Massachusetts  US,116 Will Hollow Apt 79,Chicopee,Massachusetts,Hampden County,25013,01013,42.19924298330552,-72.54307737274156,2700.00,16304.85,12210
b3e7bd8a-adcc-3c6f-3039-9a4d28295c9e,1997-11-09,,999-44-4296,S99926636,X44033005X,Ms.,Joya,Reinger,,,,white,nonhispanic,F,Charlton  Massachusetts  US,476 Halvorson Branch,Chicopee,Massachusetts,Hampden County,25013,01022,42.15409082657116,-72.58697755294993,17973.46,234445.96,12210
ccdbef77-48bf-cc07-c72b-dcc8d84362ed,1947-07-13,,999-48-2571,S99971070,X88073501X,Mrs.,Tammie,Stark,,Kling,W,white,nonhispanic,F,Boston  Massachusetts  US,924 Jacobs Alley Suite 0,Springfield,Massachusetts,Hampden County,25013,01199,42.09434537575302,-72.639206306709,866569.23,481479.36,49629
bcc618ae-3fdd-c77e-d501-9d7c553c9d41,1993-04-04,,999-96-3686,S99950360,X21539381X,Mrs.,Karly,Sauer,,Hammes,M,asian,nonhispanic,F,Westminster  Massachusetts  US,224 Klein Fork Unit 19,Winchendon,Massachusetts,Worcester County,25027,01475,42.624999085067046,-72.03123099648782,60079.15,233718.64,40950
b1df7465-9dd5-8dbb-d858-94adeeb856b8,2016-04-10,,999-20-5352,,,,Shemika,Hickle,,,,white,nonhispanic,F,Boston  Massachusetts  US,908 Nolan Wynd,Ludlow,Massachusetts,Hampden County,,00000,42.213446714883595,-72.45335086136379,10577.04,5025.96,49018
ca463dd6-3cfb-9ca9-8036-af30df4bb1f4,1990-10-18,,999-19-7050,S99994921,X30571947X,Mrs.,Delois,Batz,,Konopelski,M,white,nonhispanic,F,Grafton  Massachusetts  US,402 Schaden Parade Suite 56,Danvers,Massachusetts,Essex County,25009,01937,42.55536301762101,-70.97577369920977,906834.27,407744.60,84429
d0dc55d4-31b0-17b6-385a-84542758659e,1945-08-14,,999-21-8140,S99960845,X47329339X,Mrs.,Amal,Purdy,,Rempel,M,white,nonhispanic,F,Walpole  Massachusetts  US,683 D'Amore Meadow Suite 71,Milford,Massachusetts,Worcester County,25027,01757,42.14202618113218,-71.48684225024455,130548.24,322135.32,47127
0604b0b0-51ca-92fc-51a1-33ea8063e7b2,1971-02-04,,999-29-7109,S99936168,X56066217X,Mrs.,Sherlyn,Jacobson,,Cummerata,M,white,nonhispanic,F,Springfield  Massachusetts  US,1084 Hirthe Avenue Apt 6,East Sandwich,Massachusetts,Barnstable County,25001,02537,41.70255538045741,-70.40095320155507,624108.86,756509.60,71376
547fc726-898c-d9da-a114-c8dabd241377,1992-06-09,,999-44-9946,S99933527,X43212420X,Mrs.,Jesus,O'Keefe,,Runte,M,white,nonhispanic,F,Attleboro  Massachusetts  US,207 Treutel Lodge,Pittsfield,Massachusetts,Berkshire County,25003,01201,42.407209901906334,-73.25678505304376,6811.62,362626.17,22248
83f79b5f-32fd-1c06-d068-441f615a5a43,1991-10-11,,999-34-6095,S99975405,X17972540X,Mrs.,Jolie,Anderson,,Thompson,M,white,nonhispanic,F,Lowell  Massachusetts  US,1059 Altenwerth Center Apt 57,Wrentham,Massachusetts,Norfolk County,,00000,42.050006488670135,-71.3127575620523,115241.39,522384.40,258001
c48e02c7-f0e1-7ab6-ac2d-e9a870280440,1972-10-20,,999-35-6257,S99980680,X41896608X,Mrs.,Eve,Kirlin,,Harris,M,white,nonhispanic,F,Springfield  Massachusetts  US,354 Mills Glen Apt 62,Freetown,Massachusetts,Bristol County,,00000,41.788456728111434,-71.00040961830645,14741.68,1493185.79,22614
7da236c7-69f2-d019-f69a-7f723fde0046,1971-10-29,,999-44-6763,S99955630,X72802078X,Mrs.,Tami,Mante,,DuBuque,D,white,nonhispanic,F,Lowell  Massachusetts  US,232 Balistreri Spur Suite 35,Pittsfield,Massachusetts,Berkshire County,25003,01201,42.45888658723539,-73.28775079168813,418019.15,1693204.91,640
fc0129ee-a7be-0110-5e83-9905893889cd,2012-08-15,,999-70-3604,,,,Genie,Kilback,,,,white,nonhispanic,F,Hingham  Massachusetts  US,583 Armstrong Arcade Unit 38,Canton,Massachusetts,Norfolk County,,00000,42.204461893167704,-71.15934391782325,1700.00,15452.08,11407
1d2ed8c6-8636-1f35-df79-bb4d8428256c,2019-08-23,,999-73-9689,,,,Alisha,Konopelski,,,,white,nonhispanic,F,Boston  Massachusetts  US,122 O'Hara Key,New Bedford,Massachusetts,Bristol County,25005,02745,41.654567774084946,-70.943329312954,5745.22,5030.94,181333
220c07f9-30e6-4d36-463a-bb9ee3985098,2016-09-16,,999-32-9682,,,,Nakisha,Cormier,,,,white,hispanic,F,Orleans  Massachusetts  US,287 Kuvalis Street Apt 50,Beverly,Massachusetts,Essex County,25009,01915,42.60096046632646,-70.83619891105951,12718.10,3472.39,56722
cabaf87a-7e3b-d15e-27f5-12ec5c5a3821,1984-04-19,,999-53-7224,S99994934,X65945731X,Mrs.,Melda,Torphy,,Cummings,M,white,nonhispanic,F,Barnstable  Massachusetts  US,957 Bechtelar Wynd Suite 51,Boston,Massachusetts,Suffolk County,25025,02113,42.324929243404604,-71.0328215781553,78363.38,63294.74,59948
c3ccea24-2caa-01bc-5970-b51dbcf8699e,1990-08-15,,999-18-6144,S99971836,X38806520X,Ms.,Mao,Stracke,,,S,asian,nonhispanic,F,Holyoke  Massachusetts  US,828 Paucek Tunnel Apt 92,Middleborough,Massachusetts,Plymouth County,,00000,41.845289106978804,-70.87377383218505,185547.25,91150.98,56212
fddcf8a3-fa18-b6e3-2c6b-fb21406d990f,1978-07-03,,999-81-9216,S99990443,X88931981X,Mrs.,Arletha,Runte,PhD,Kunde,M,white,nonhispanic,F,Marshfield  Massachusetts  US,109 Wunsch Road Unit 69,Cohasset,Massachusetts,Norfolk County,,00000,42.263350572234316,-70.78782114147619,269275.16,633263.66,137317
74389a76-8dbb-594d-c606-7847eded440c,2014-07-24,,999-46-1668,,,,Mindy,McGlynn,,,,white,nonhispanic,F,Easthampton  Massachusetts  US,555 Cummings Green Apt 96,Plymouth,Massachusetts,Plymouth County,25023,02360,41.90989890855198,-70.65911418012217,14460.57,11701.12,35653
e5aa72df-3323-6852-5ecd-177428e6f26d,2019-03-04,,999-41-6999,,,,Claudie,Nader,,,,white,nonhispanic,F,Wellesley  Massachusetts  US,501 Boyer Green Unit 71,Barnstable,Massachusetts,Barnstable County,25001,02648,41.65090334032074,-70.3761834756462,1302.67,11420.84,10925
26dae3bc-bfcf-fd9c-d640-a791792eb9ac,1944-12-03,,999-62-1823,S99940531,X31869264X,Ms.,Vanessa,Bogisich,,,S,white,nonhispanic,F,Methuen  Massachusetts  US,139 Orn Stravenue Apt 69,Somerville,Massachusetts,Middlesex County,25017,02155,42.39106715028012,-71.08105387201135,257136.34,1296051.68,654857
b391d9d6-5bb0-042b-4c29-114d5f997388,1955-07-24,,999-71-1558,S99981122,X10954837X,Mrs.,Nannette,Hyatt,,Ullrich,M,white,nonhispanic,F,Stoughton  Massachusetts  US,718 Dickinson Annex,Westport,Massachusetts,Bristol County,,00000,41.58270927023473,-71.05373524105426,1130507.67,67628.80,65776
b6c470e1-5763-b848-f4a0-67379863f1bb,1963-11-11,,999-77-9883,S99996313,X76482238X,Mrs.,Beatriz,Alejandro,,Portillo,D,hawaiian,hispanic,F,Marigot  Saint Andrew Parish  DM,620 Fahey Mission,Westborough,Massachusetts,Worcester County,25027,01581,42.222728192865986,-71.58650494353643,40655.90,904511.99,163205
2ffc4cb8-fff3-391d-1dc6-4241d3a4bc97,2013-09-14,,999-12-3553,,,,Dotty,Beier,,,,white,nonhispanic,F,Boston  Massachusetts  US,610 Balistreri Ferry Suite 88,Worcester,Massachusetts,Worcester County,25027,01545,42.2273337552663,-71.8543266579983,25110.81,1823.48,55006
b8539aac-c712-c61c-bd90-4b6eb1879bc1,1993-08-25,,999-36-2230,S99933135,X36911355X,Mrs.,Margy,Moen,,Fritsch,M,white,hispanic,F,Springfield  Massachusetts  US,483 Walter Street,Cambridge,Massachusetts,Middlesex County,25017,02141,42.35937479434904,-71.18135220876746,43213.91,544808.35,974592
8392c0ee-d117-a8ec-aac9-96ea5cb8c6d8,1963-08-22,2023-03-14,999-62-5559,S99952760,X77429305X,Mrs.,Dalila,Hoeger,,Kiehn,D,white,nonhispanic,F,Palermo  Sicily  IT,170 Lesch Bridge,Sudbury,Massachusetts,Middlesex County,,00000,42.37093672149595,-71.41945125349964,205160.65,2964273.04,389776
66285c86-b740-6c2d-4b8e-0322a7e352e6,1999-09-20,,999-98-5730,S99940065,X39446309X,Ms.,Tawny,Buckridge,,,,asian,nonhispanic,F,Burlington  Massachusetts  US,443 Jacobi Junction,Groton,Massachusetts,Middlesex County,25017,01450,42.65772497192182,-71.59095294183359,576838.18,388242.48,69722
3dc5d49d-9cac-7752-9217-bbb578a13434,2004-06-29,,999-28-5405,S99985069,,Ms.,Shaunna,Mante,,,,white,nonhispanic,F,Templeton  Massachusetts  US,353 Gulgowski Throughway,Taunton,Massachusetts,Bristol County,25005,02718,41.947868035407616,-71.15308410487326,31349.18,13688.20,29472
62c6b625-3814-c22b-8e0c-e09153720758,1971-11-28,,999-60-5064,S99955844,X76301268X,Mrs.,Oralee,Konopelski,,Beier,M,white,nonhispanic,F,Forestdale  Massachusetts  US,452 Turner Burg Unit 26,Pittsfield,Massachusetts,Berkshire County,25003,01201,42.49632266067458,-73.30951078724183,306961.15,664362.10,26874
f882d36e-d64d-4cfb-392f-1c835fc8d718,1963-08-22,2000-04-07,999-60-4080,S99973670,X86586296X,Ms.,Merlyn,Franecki,,,S,white,nonhispanic,F,Naples  Campania  IT,392 Sipes Loaf,Sudbury,Massachusetts,Middlesex County,,00000,42.35251126917006,-71.38893734404867,121713.54,1469897.39,389776
17c0b8ba-46de-f0bb-ac1e-d95e088a812b,1969-07-04,,999-41-3926,S99921120,X19444076X,Mrs.,Nydia,Kunde,,Smitham,M,white,nonhispanic,F,Westfield  Massachusetts  US,681 Flatley Row Suite 65,Monterey,Massachusetts,Berkshire County,,00000,42.23080145318968,-73.24102168599049,277483.78,584400.60,24460
6b76d939-710e-258b-a0a3-671b0bc83a15,1963-08-22,2023-04-01,999-64-7323,S99910061,X33892009X,Ms.,Jenny,Bartell,,,S,white,nonhispanic,F,Palermo  Sicily  IT,913 Mayert Arcade Suite 3,Sudbury,Massachusetts,Middlesex County,,00000,42.39005135199404,-71.45145979523211,163605.73,926619.57,389776
f6636ee7-e32b-08d3-c081-9a370c047fcb,1959-12-09,2022-03-17,999-74-8565,S99956012,X44042311X,Mrs.,Aline,Cummerata,,Williamson,W,white,nonhispanic,F,Waltham  Massachusetts  US,702 Berge Heights,Springfield,Massachusetts,Hampden County,25013,01151,42.14021260702598,-72.57202765967224,933317.13,958979.97,47030
0c9f519e-fc60-51e5-2b91-e1f8bbebef8b,1969-02-20,,999-68-9596,S99936573,X35869486X,Mrs.,Hye,Waelchi,,Brown,M,white,nonhispanic,F,Lowell  Massachusetts  US,161 Abbott Bay,Holyoke,Massachusetts,Hampden County,25013,01040,42.179084740242416,-72.6800254259214,420264.41,457508.77,67975
26349521-22c8-c4c2-48b0-994d7a9348a3,1963-08-22,,999-17-7466,S99967407,X9227714X,Mrs.,Caprice,Sawayn,,Olson,M,white,nonhispanic,F,Rome  Lazio  IT,1000 Effertz Dale,Sudbury,Massachusetts,Middlesex County,,00000,42.342804750500044,-71.42079832930544,142446.41,418594.32,389776
bf844970-d74f-1e91-6ecc-63524a9af04e,1959-12-09,,999-47-7633,S99980409,X33714652X,Ms.,Monique,Weimann,,,S,white,nonhispanic,F,Randolph  Massachusetts  US,285 Parisian Trailer,Springfield,Massachusetts,Hampden County,25013,01105,42.15202994018331,-72.48142063690945,689963.15,305179.50,47030
691c36e7-277e-4b60-7f0a-c0ce1be51326,1943-03-04,2002-05-11,999-14-5542,S99957013,X67733615X,Mrs.,Marine,Jacobson,,Kessler,D,white,nonhispanic,F,Sharon  Massachusetts  US,249 Yost Avenue,Barre,Massachusetts,Worcester County,25027,01005,42.43530871787835,-72.13964644045053,451465.00,647475.33,88638
52cddcc9-7520-3f1b-ce38-5ac27186ccf6,1966-08-13,,999-38-1231,S99945345,X40253758X,Mrs.,Myung,Schinner,,Eichmann,D,white,nonhispanic,F,Rockland  Massachusetts  US,484 Olson Highlands Unit 32,Bourne,Massachusetts,Barnstable County,25001,02532,41.79267583956362,-70.58298029828737,362671.78,260684.98,41308
615dae97-4d0f-9f41-a9e3-57bf76b20e1e,1943-03-04,1968-01-28,999-65-7256,S99928422,X78459163X,Ms.,Leeanna,Boehm,,,,white,nonhispanic,F,Palmer  Massachusetts  US,683 Harvey Alley Apt 30,Barre,Massachusetts,Worcester County,25027,01005,42.393398683552704,-72.10975321997957,58873.22,244933.82,88638
e9f90026-564d-c1c6-810e-f98e0acfdab9,1971-02-24,2019-04-20,999-97-8928,S99960251,X83452209X,Mrs.,Paola,Hessel,,Von,M,black,nonhispanic,F,Holbrook  Massachusetts  US,490 Emmerich Course Apt 12,Beverly,Massachusetts,Essex County,25009,01915,42.55318438238678,-70.852498757726,631330.61,494459.49,86760
a7c90645-38dd-9f2e-60b6-b83db1b98b01,1956-01-08,2004-03-03,999-12-8986,S99963340,X63740305X,Ms.,Lorelei,McLaughlin,,,S,white,nonhispanic,F,Watertown  Massachusetts  US,925 Jerde Run,South Yarmouth,Massachusetts,Barnstable County,25001,02664,41.653774377504405,-70.21388985826776,915327.77,487413.33,73165
496c0f32-39dc-4d07-b879-9843a9119542,1950-10-20,,999-23-1025,S99910175,X60405923X,Mrs.,Ada,Luettgen,,Kuhn,M,white,nonhispanic,F,Medford  Massachusetts  US,957 Halvorson Mission Suite 27,Pittsfield,Massachusetts,Berkshire County,25003,01201,42.4262101487809,-73.30483202213922,22413.98,1730755.40,20232
c9d75770-9f91-1ca9-c6a0-c99289aed0db,1971-02-24,,999-87-4484,S99933628,X54162254X,Ms.,Macie,Yost,,,S,black,nonhispanic,F,New Bedford  Massachusetts  US,573 Bernier Heights,Beverly,Massachusetts,Essex County,25009,01915,42.556511133849554,-70.88502925369984,652278.06,326795.34,86760
54c9159d-6cf7-74f3-65b7-f0fee41f62a3,2011-06-21,,999-25-7408,,,,Dimple,Friesen,,,,black,nonhispanic,F,Hopkinton  Massachusetts  US,622 McClure Orchard,Boston,Massachusetts,Suffolk County,25025,02135,42.283173474873244,-71.09423876767762,13668.94,10699.33,83029
4f32b993-09d8-c14a-4989-7d14b59568b0,2011-11-22,,999-38-8304,,,,Crysta,Bosco,,,,black,nonhispanic,F,Westport  Massachusetts  US,1015 Rau Manor Suite 48,Stoneham,Massachusetts,Middlesex County,25017,02180,42.44237261164233,-71.06038370191607,18668.30,0.00,58286
baa72203-fae0-71e6-4472-6eefa221ffa0,1943-03-04,,999-63-9865,S99999910,X15331134X,Mrs.,Charla,Wiegand,,Schamberger,M,white,nonhispanic,F,Sturbridge  Massachusetts  US,985 Dickinson Forge,Barre,Massachusetts,Worcester County,25027,01005,42.40886417628443,-72.06144553193597,526744.92,339846.16,88638
c88276a4-0aac-d7b3-70f6-5a79f6db4042,2013-01-12,,999-72-9994,,,,Noma,Veum,,,,white,nonhispanic,F,Boston  Massachusetts  US,108 Bayer Burg Suite 17,Quincy,Massachusetts,Norfolk County,25021,02169,42.32864621375011,-71.01825759895024,16420.47,630.77,77615
8dad4957-5ab1-916f-b672-8216b837eb76,1956-01-08,,999-26-3353,S99944400,X8709440X,Mrs.,Chastity,Goldner,,Abernathy,W,white,nonhispanic,F,Shrewsbury  Massachusetts  US,1030 Reichel Vale Suite 80,South Yarmouth,Massachusetts,Barnstable County,25001,02664,41.714011102251426,-70.23370450608981,366208.27,143454.37,73165
7741e90e-0638-664b-2cb0-683bc7332ff2,2015-06-24,,999-84-1949,,,,Katie,Glover,,,,white,nonhispanic,F,West Springfield  Massachusetts  US,277 O'Keefe Estate Apt 57,Bridgewater,Massachusetts,Plymouth County,25023,02324,41.98850566959677,-71.01724704128924,9502.13,4509.01,119315
d00be233-0255-9f68-f41e-20ee591a5cd7,1949-02-07,2019-07-30,999-86-8432,S99978951,X70111142X,Ms.,Louetta,Windler,,,S,white,nonhispanic,F,Danvers  Massachusetts  US,1082 Swift Meadow,Duxbury,Massachusetts,Plymouth County,25023,02332,41.99770052116601,-70.65999493416648,257958.26,703524.87,185725
a0c9af56-b838-7ca0-8db5-63a750b53383,2013-08-04,,999-24-3449,,,,Tamie,Romaguera,,,,white,nonhispanic,F,Barnstable  Massachusetts  US,1069 Boyer Track,Worcester,Massachusetts,Worcester County,25027,01610,42.214494305977404,-71.75105013146239,6475.15,7226.79,30780
363cd75c-9e15-e874-e865-f05cd7f03a8c,1984-09-15,,999-18-5938,S99999568,X88512922X,Mrs.,María Cristina,Tejada,,Borrego,M,white,hispanic,F,Guatemala City  Guatemala  GT,780 Upton Parade,Saugus,Massachusetts,Essex County,25009,01906,42.46079477505865,-71.04578568286263,215342.62,917860.90,163070
99a3e401-4fad-90c0-b3a4-62e27ef5a837,1982-08-20,,999-84-4494,S99948626,X11254186X,Mrs.,Tyler,Simonis,,Koss,D,white,nonhispanic,F,Quincy  Massachusetts  US,203 Ward Arcade Unit 46,Lawrence,Massachusetts,Essex County,25009,01843,42.712889682398085,-71.1118562318034,123950.48,613682.76,24896
34e7ce69-3884-2c26-3732-00cd97420c58,1978-02-05,,999-79-8360,S99959928,X82938278X,Mrs.,Ela,Bashirian,,Kunze,M,white,nonhispanic,F,Fall River  Massachusetts  US,768 Strosin Drive,Somerville,Massachusetts,Middlesex County,25017,02143,42.40154768439203,-71.09089533855513,515607.08,524994.27,63974
bcf03d08-e567-fd54-b587-83e4913d6773,2015-11-06,,999-25-1945,,,,Lucienne,O'Connell,,,,white,nonhispanic,F,Acton  Massachusetts  US,296 Boehm Promenade Unit 51,Dennis,Massachusetts,Barnstable County,25001,02638,41.738472312327914,-70.17316251909999,14837.25,3185.38,41755
8b6a0da7-2119-e35b-a0e4-5e4f3f21bc35,2018-09-18,,999-67-9869,,,,Elia,Littel,,,,white,nonhispanic,F,Lawrence  Massachusetts  US,903 Krajcik Vista,Wellesley,Massachusetts,Norfolk County,25021,02457,42.32643300569472,-71.33023164467376,9124.37,759.76,203019
7a7be62a-3395-0279-046f-648227072e1e,2016-08-03,,999-40-9928,,,,Odessa,Runolfsson,,,,white,nonhispanic,F,Pocasset  Massachusetts  US,567 Schumm Pathway Unit 98,Templeton,Massachusetts,Worcester County,,00000,42.60638243723539,-72.0935495506339,12006.42,0.00,126025
2f1b0b5c-a6c9-2fa8-93ce-884d2dde847d,1949-07-10,,999-28-9038,S99976179,X41354861X,Mrs.,Donita,Crist,,Zemlak,M,white,nonhispanic,F,North Andover  Massachusetts  US,672 Hartmann Port Suite 43,Methuen,Massachusetts,Essex County,25009,01844,42.735696124137334,-71.20129326868242,449829.64,693579.39,26347
f632df0a-88ca-5824-20ac-b0f5ec4455f0,1976-12-31,,999-81-1449,S99951872,X1739097X,Mrs.,Teodora,Wolf,,Labadie,M,white,nonhispanic,F,Weymouth  Massachusetts  US,790 Lueilwitz Ferry,Arlington,Massachusetts,Middlesex County,25017,02474,42.46034683183603,-71.1413242709823,414979.95,200676.60,112248
be5f16cb-0132-29fd-feaf-cba3c2979d45,1992-09-03,,999-93-2200,S99944351,X47589635X,Mrs.,Leisha,Grady,,Buckridge,M,white,nonhispanic,F,Upton  Massachusetts  US,606 Wolf Crossroad Suite 83,Watertown,Massachusetts,Middlesex County,25017,02472,42.388418472004325,-71.17327652410799,158691.05,609659.87,484
0937eab3-bb4a-3dde-6840-009d8a84ec76,2016-03-21,,999-64-6205,,,,Manuela,Carrero,,,,white,hispanic,F,Santiago  Santiago Province  CL,121 Hyatt Trafficway Apt 96,Newburyport,Massachusetts,Essex County,25009,01950,42.796488865912835,-70.89919911852341,10093.88,0.00,87015
c9bf0e46-9675-e749-fa96-466240e29a64,2007-01-16,,999-54-9701,S99912123,,,Mindi,Bode,,,,white,nonhispanic,F,Barnstable  Massachusetts  US,386 Ritchie Meadow Apt 25,Leominster,Massachusetts,Worcester County,25027,01420,42.60533885672369,-71.7981229354382,2984.38,45892.55,1975
b5e02d91-29fe-e959-e7d9-498cf4abce3b,2005-03-20,,999-81-7315,S99991237,,Ms.,Marina,Wuckert,,,,asian,nonhispanic,F,Haverhill  Massachusetts  US,642 Crist Trafficway Apt 64,Wrentham,Massachusetts,Norfolk County,,00000,42.00763512196141,-71.40370596864368,42103.59,8753.30,182987
263b8716-f84a-0625-614e-cf04e6142339,1961-01-31,2021-01-13,999-31-8501,S99945371,X62319902X,Mrs.,Shawn,Klocko,,Waelchi,M,white,nonhispanic,F,Bolton  Massachusetts  US,817 Barrows Highlands,Whitman,Massachusetts,Plymouth County,,00000,42.11282904681715,-70.96667800563117,890179.62,556321.65,58936
f6c32dd3-1033-c012-331b-a2753ec67e51,1982-03-09,,999-42-2952,S99989742,X25810716X,Mrs.,Mellie,Veum,PhD,Rogahn,M,white,nonhispanic,F,New Bedford  Massachusetts  US,979 Nitzsche Manor,Worcester,Massachusetts,Worcester County,25027,01603,42.412775668464874,-71.75997996530221,198455.97,701733.73,57698
2755c002-33ab-6e94-4549-eb2e228363aa,1986-04-26,,999-17-3819,S99927388,X7157152X,Mrs.,Casimira,Terry,,Roob,M,asian,nonhispanic,F,Haiphong  Kiến An  VN,141 Powlowski Wall Apt 42,Brookline,Massachusetts,Norfolk County,25025,02215,42.329487287453716,-71.13545696654798,524078.70,891246.41,59461
cbbe7a02-ea36-98e4-c56a-80307ed229b9,1961-01-31,,999-40-6627,S99926586,X55558455X,Mrs.,Lucile,Casper,,Ferry,D,white,nonhispanic,F,Dover  Massachusetts  US,105 Parker Manor,Whitman,Massachusetts,Plymouth County,,00000,42.05178600498367,-70.97055211229483,477149.19,167725.72,58936
aa39d84a-91da-1245-dabe-8c0e7dec6445,1962-10-02,,999-36-6896,S99947955,X69108556X,Mrs.,Dominique,Stamm,,Abbott,M,black,nonhispanic,F,Everett  Massachusetts  US,284 Adams Drive,Springfield,Massachusetts,Hampden County,25013,01108,42.08471067660308,-72.57051044404176,19202.36,1526448.65,2266
e6c5af1c-2051-cf6e-096b-b54f4ac1cfe0,1962-10-04,,999-81-7131,S99978534,X69318605X,Mrs.,Ellyn,Bashirian,,Willms,M,white,nonhispanic,F,Amesbury  Massachusetts  US,594 MacGyver Manor Apt 72,Duxbury,Massachusetts,Plymouth County,25023,02332,42.08287622175002,-70.68794391804984,592575.06,334087.88,112571
6f33c425-87ec-8866-acc7-44061e7bb27b,1994-12-25,,999-33-8198,S99953024,X49414620X,Mrs.,Lynna,Sipes,,Simonis,M,white,nonhispanic,F,Andover  Massachusetts  US,720 Kulas Vale,Boston,Massachusetts,Suffolk County,25025,02136,42.40088149130436,-71.10308216379818,519006.61,236055.76,45137
ab675625-f914-530d-8cc2-9796d7280b10,1988-06-01,,999-18-4129,S99982106,X32928554X,Mrs.,Pamelia,Parker,,Ortiz,M,white,nonhispanic,F,Harvard  Massachusetts  US,1082 Skiles Highlands Suite 59,Ocean Grove,Massachusetts,Bristol County,,00000,41.71194565409391,-71.23539803231105,147668.80,656455.66,80656
be1d28c6-112f-cb89-c153-4921c6b593b9,1995-06-19,,999-77-9013,S99973412,X66012014X,Ms.,Dayle,Zieme,,,,asian,nonhispanic,F,Lawrence  Massachusetts  US,216 Lebsack Mission,Winthrop,Massachusetts,Suffolk County,25025,02152,42.376241202826115,-71.01893187323243,80088.12,147547.70,44219
7fcd7de9-cd46-4797-f704-6a34f2d497d3,1946-10-26,2012-10-27,999-30-4237,S99983440,X80219179X,Ms.,Dominique,Fahey,,,S,white,nonhispanic,F,Danvers  Massachusetts  US,762 Abshire Rest Suite 14,Framingham,Massachusetts,Middlesex County,25017,01702,42.23760866769579,-71.44393400999239,64853.66,1578224.79,7910
54ed99cc-c47e-fbcb-e364-66c16f313143,1941-01-14,2019-08-20,999-27-3808,S99985055,X59983924X,Mrs.,Breanne,O'Conner,,Hermann,M,black,nonhispanic,F,Gardner  Massachusetts  US,103 Emmerich Camp,Boston,Massachusetts,Suffolk County,25025,02121,42.34261610334556,-71.04628355000058,35086.91,1260764.76,3653
b8852c5a-61c3-5752-0cf6-3ea23fa57d70,1953-04-10,,999-55-9111,S99972051,X28571035X,Mrs.,Zona,Collins,,Hand,M,white,nonhispanic,F,Boston  Massachusetts  US,375 Bartoletti Alley,Newton,Massachusetts,Middlesex County,25017,02460,42.33237500387499,-71.18888362129013,344932.95,1059162.16,122277
8cf119a1-207e-10d6-c78e-db1811c10d08,1976-01-29,,999-73-8190,S99929456,X2735582X,Mrs.,Love,Haley,,Rempel,W,black,nonhispanic,F,Upton  Massachusetts  US,593 Crona Ferry Apt 62,Middleborough Center,Massachusetts,Plymouth County,,00000,41.940835191519064,-70.87896321720518,342268.25,368556.73,46987
50e3e689-35e2-f222-efce-f9ed5bd36533,1946-10-26,,999-87-6826,S99979850,X16560351X,Mrs.,Carmella,O'Keefe,,Hills,M,white,nonhispanic,F,Oxford  Massachusetts  US,942 Cremin Common,Framingham,Massachusetts,Middlesex County,25017,01701,42.31043841856697,-71.45377097778182,15022.87,590046.67,7910
fae5e282-aee6-eb33-bb0e-88a86c4d48bc,1970-02-05,,999-49-3523,S99985728,X39530420X,Mrs.,Queenie,Langworth,,Bartoletti,M,white,nonhispanic,F,Weymouth  Massachusetts  US,720 Mayert Mall Apt 89,Monson,Massachusetts,Hampden County,,00000,42.06033450566272,-72.35163956228767,12605.57,921776.29,20679
929dbc97-87f4-df03-b55a-93bb8651078c,2008-06-05,,999-48-1555,,,,Krystin,Lang,,,,asian,nonhispanic,F,Beijing  Beijing Municipality  CN,960 Koch Key Suite 33,Goshen,Massachusetts,Hampshire County,,00000,42.45177838564253,-72.8577718160084,2100.00,22465.80,21052
e1a0480d-f644-5361-6f0f-497cd93751f3,1941-01-14,,999-82-9694,S99911669,X49716223X,Mrs.,Lane,Witting,,Glover,W,black,nonhispanic,F,Ashby  Massachusetts  US,612 Koch Grove Unit 27,Boston,Massachusetts,Suffolk County,25025,02119,42.342787592847316,-71.05962905751865,374545.48,1940237.40,3653
d0ec5485-3593-3c47-b932-ecc40f149ed2,2016-05-25,,999-43-7914,,,,Seema,Rempel,,,,white,nonhispanic,F,Dartmouth  Massachusetts  US,629 Ratke Lodge,Dartmouth,Massachusetts,Bristol County,,00000,41.536662268056496,-70.93136552107478,10558.24,0.00,45439
8d1d5c37-b0f8-d319-1095-caa51ed3d673,1949-02-07,,999-45-5202,S99932782,X26289564X,Mrs.,Justine,Ziemann,,Osinski,W,white,nonhispanic,F,Hingham  Massachusetts  US,797 Rowe Overpass Apt 37,Duxbury,Massachusetts,Plymouth County,25023,02332,42.0386393629063,-70.75445704300041,266140.19,2001719.86,185725
2c4f372d-a677-67e4-01c7-18aeda019813,1990-07-02,,999-74-7052,S99983327,X78488166X,Mrs.,Eneida,Sawayn,,Watsica,M,black,nonhispanic,F,Mashpee  Massachusetts  US,415 Ritchie Dale Apt 34,Holden,Massachusetts,Worcester County,,00000,42.38293468765206,-71.8910903767309,524960.08,920838.33,104738
2f116be7-5abc-b124-e89a-b6492210774a,1955-11-02,,999-72-2844,S99914880,X71828418X,Mrs.,Etha,Tillman,,Berge,M,white,nonhispanic,F,Randolph  Massachusetts  US,114 Robel Pathway Suite 37,Barnstable,Massachusetts,Barnstable County,25001,02647,41.63788926322618,-70.35085483467547,368819.55,817009.14,182996
9deba9e5-0abb-aed3-e372-1ab54f77a872,1954-10-12,,999-78-7838,S99955635,X667523X,Mrs.,Pamula,Wiegand,,Hackett,M,white,nonhispanic,F,Randolph  Massachusetts  US,1095 White Loaf Unit 85,Marblehead,Massachusetts,Essex County,25009,01945,42.52086417897122,-70.9003766023651,254452.82,574156.14,160343
ca80737b-8c6f-928c-51f9-2a2f76422aed,2017-06-24,,999-56-6283,,,,Sherice,Pollich,,,,white,nonhispanic,F,Somerville  Massachusetts  US,1097 Waelchi Loaf Apt 68,Stoughton,Massachusetts,Norfolk County,,00000,42.15344254112799,-71.07449884030216,9371.59,0.00,70146
de0729af-160d-66c0-e7bb-7be6dbc64b1e,2014-02-27,,999-49-4882,,,,Delphine,Braun,,,,white,nonhispanic,F,Boston  Massachusetts  US,868 Marvin Lock Apt 96,Mansfield,Massachusetts,Bristol County,,00000,42.032082322328804,-71.19833626940763,17673.11,336.42,157562
9993ec1c-b011-f66d-48b3-b2d2ca609bc3,2007-07-16,,999-20-8503,,,,Luba,Shields,,,,white,nonhispanic,F,Boston  Massachusetts  US,399 Morissette Trafficway,Worcester,Massachusetts,Worcester County,25027,01607,42.251709545223996,-71.84475879956229,31593.88,7251.22,69400
81567125-9deb-aac7-d9b5-78aa3927a1b9,2003-08-04,,999-61-3855,S99929078,,Ms.,Celesta,Kris,,,,white,nonhispanic,F,Andover  Massachusetts  US,399 Corwin Underpass,Randolph,Massachusetts,Norfolk County,25021,02368,42.21993885914567,-71.07345295969891,32230.63,100239.50,966401
5df0ff40-4383-845e-4218-004e77f1693d,2020-04-15,,999-79-1574,,,,Victor,Leffler,,,,white,nonhispanic,F,Nizhny Novgorod  Nizhny Novgorod Oblast  RU,581 Weissnat Park,Rutland,Massachusetts,Worcester County,25027,01543,42.40128437433204,-71.94055896743976,6671.13,0.00,70961
e8e6d0ab-3208-64ff-14f9-429cd475ff81,1963-05-30,,999-71-3962,S99950632,X41634150X,Ms.,Becky,O'Keefe,,,S,black,nonhispanic,F,Chelsea  Massachusetts  US,836 Labadie Promenade,Boston,Massachusetts,Suffolk County,25025,02131,42.362144716647784,-71.08406285549057,209713.39,1462710.85,139411
cbab4c2f-65f3-9174-a10e-79acc859552e,2007-10-05,,999-66-7334,,,,Elfrieda,Aufderhar,,,,white,nonhispanic,F,Easthampton  Massachusetts  US,998 Oberbrunner Highlands,Shrewsbury,Massachusetts,Worcester County,,00000,42.292558365197856,-71.75256014486202,19276.83,7365.46,44991
99cc5590-1a80-fb58-357f-d46571991f5b,2008-11-25,,999-57-2611,,,,Johnny,Thompson,,,,white,nonhispanic,F,Springfield  Massachusetts  US,363 Wiegand Knoll,Tewksbury,Massachusetts,Middlesex County,,00000,42.60019460496822,-71.24587039609736,48608.96,258894.77,134340
378965d2-9501-09aa-abe5-4d0a6860c42f,1985-05-12,,999-11-8545,S99911645,X55719840X,Mrs.,Aisha,Waelchi,,Hessel,M,white,nonhispanic,F,Truro  Massachusetts  US,975 Fadel Key,Brockton,Massachusetts,Plymouth County,25023,02302,42.046121291325825,-71.00942195068802,106432.57,1120292.10,23660
f0041f8b-4eea-3aed-4179-75bdb170b3e7,1964-07-22,,999-53-4922,S99941374,X6909392X,Ms.,Bernice,Barton,,,S,white,nonhispanic,F,Boston  Massachusetts  US,852 Rohan Wall,Halifax,Massachusetts,Plymouth County,,00000,42.02725047558924,-70.8667631913356,899432.68,179933.73,68977
e7dac0e3-b56d-cd70-8171-e66fcf99b95a,1958-06-17,,999-34-5006,S99988468,X58844610X,Ms.,Elmer,Lubowitz,,,S,asian,nonhispanic,F,Boston  Massachusetts  US,718 Hodkiewicz Bay,Hanover,Massachusetts,Plymouth County,,00000,42.10852830879334,-70.89260605515685,541967.36,50556.23,97377
b87d9ce9-cfc7-3ca2-f8b8-5d704896de8e,1964-10-16,2011-05-26,999-80-5499,S99925851,X1592125X,Ms.,Jeni,Schumm,,,S,white,nonhispanic,F,Boston  Massachusetts  US,1029 Oberbrunner Lodge Suite 41,Halifax,Massachusetts,Plymouth County,,00000,42.035053302535566,-70.82924761546178,197365.20,641319.89,199933
ec331cca-8ecf-a492-2df9-2a29fc1fb329,1995-08-21,,999-36-1529,S99966055,X2460144X,Ms.,Scarlet,Jaskolski,,,,white,nonhispanic,F,Lee  Massachusetts  US,402 Murphy Light Unit 49,Agawam,Massachusetts,Hampden County,25013,01001,42.05628149633772,-72.71517597039508,66520.38,17356.32,133454
2d18254d-693a-a6f1-a275-826273d4ea4d,1985-09-21,2019-01-07,999-49-5159,S99991162,X65441252X,Mrs.,Dori,Donnelly,,Schaden,M,white,hispanic,F,Ludlow  Massachusetts  US,891 Grady Dale,North Adams,Massachusetts,Berkshire County,25003,01247,42.67956550268946,-73.14021592157918,12625.63,769022.94,17287
63ae57ad-1c3e-283b-a00a-ac935380cd31,2001-11-12,,999-18-8235,S99940313,X66851780X,Ms.,Juanita,Quitzon,,,,white,nonhispanic,F,Northampton  Massachusetts  US,301 Bayer Flat Unit 21,Andover,Massachusetts,Essex County,25009,01810,42.695474566079874,-71.15165704882475,74901.05,168610.42,559957
71320fb7-573c-5e05-109a-6c27127fd139,1964-10-16,,999-91-5636,S99996660,X74356081X,Mrs.,April,Breitenberg,,Zboncak,W,white,nonhispanic,F,Falmouth  Massachusetts  US,214 Jaskolski Passage,Halifax,Massachusetts,Plymouth County,,00000,42.02880950892514,-70.87541946811702,231098.32,1444135.60,199933
af27eaaf-efe0-fef3-767a-4a88e2f39c4b,1985-09-21,,999-93-7072,S99910391,X58997069X,Mrs.,Morgan,Hoeger,,Feest,D,white,hispanic,F,Savoy  Massachusetts  US,167 Pouros Light Unit 53,North Adams,Massachusetts,Berkshire County,25003,01247,42.64175247608911,-73.0742420254257,13436.49,586838.87,17287
74476d9d-cd88-0853-ff96-321da96a4bf2,2009-08-20,,999-53-3383,,,,Nita,Keeling,,,,white,nonhispanic,F,Worcester  Massachusetts  US,736 Jast Meadow Apt 44,Plymouth,Massachusetts,Plymouth County,25023,02360,41.88549668720114,-70.63768369250514,2450.00,34054.88,5218
770765d3-42aa-1e22-a33c-ddb7a0e91809,1993-05-22,,999-45-8958,S99981728,X67110526X,Mrs.,Vicky,Veum,,Mayert,M,white,nonhispanic,F,Quincy  Massachusetts  US,454 Senger Gardens,Watertown,Massachusetts,Middlesex County,25017,02472,42.38314435776726,-71.19901037564635,56149.03,460143.98,25755
d635575a-0984-2da0-a4c9-686f25707d80,2014-03-14,,999-90-4169,,,,Veronika,Morar,,,,black,nonhispanic,F,Middleborough  Massachusetts  US,563 Bernhard Light,Walpole,Massachusetts,Norfolk County,25021,02081,42.09891362013263,-71.23030737774884,1200.00,10786.56,19907
c3008268-457d-29f0-5539-97824fa72a30,1986-11-03,,999-84-8083,S99951292,X7063129X,Mrs.,Kathlyn,Turcotte,,Rolfson,M,white,nonhispanic,F,Natick  Massachusetts  US,592 Swift Approach,Boston,Massachusetts,Suffolk County,25025,02132,42.3881216107582,-70.99085674469858,10672.20,609590.23,14681
1d4276ce-48c6-e318-9778-4aec2a1d400d,2021-02-28,,999-57-6515,,,,Erma,Mann,,,,white,nonhispanic,F,Salem  Massachusetts  US,670 Frami Union,Walpole,Massachusetts,Norfolk County,25021,02081,42.15888263885708,-71.27989926934555,450.00,5959.71,16373
695cbfd3-284f-bd14-0bf6-991cc3061ef4,1966-10-24,,999-90-8027,S99933845,X29169193X,Ms.,Danyel,Waters,,,S,white,nonhispanic,F,Natick  Massachusetts  US,756 Ondricka Station,Worcester,Massachusetts,Worcester County,25027,01608,42.35204346524106,-71.8177622427987,353499.07,905037.03,128496
2334ac0f-299a-d1ba-7635-4926b99a24fd,1995-07-09,,999-92-3870,S99991475,X10344018X,Ms.,Carlota,Luevano,,,,white,hispanic,F,San Jose  San Jose  CR,262 Klocko Bay,Lynn,Massachusetts,Essex County,25009,01902,42.49000377163714,-70.97030876692268,71890.78,158306.86,91328
838848a4-891c-e89a-43e7-47e87cf4f7c0,1964-02-12,,999-41-4651,S99925566,X41117113X,Mrs.,Reginia,Bechtelar,,Armstrong,M,black,nonhispanic,F,Westfield  Massachusetts  US,1030 Jacobson Ville,Falmouth,Massachusetts,Barnstable County,25001,02540,41.52543120639365,-70.59384280550567,886082.00,154872.92,63226
b620e3f6-743d-fd27-968e-8aee6926326a,2013-11-25,,999-70-7395,,,,Frieda,Bergstrom,,,,white,nonhispanic,F,Boston  Massachusetts  US,1029 McLaughlin Bridge Apt 81,Barre,Massachusetts,Worcester County,25027,01005,42.37235447116667,-72.11830082680419,14356.29,0.00,81429
ff4d235a-1453-18e4-10a8-68229e68f17a,2023-02-20,,999-56-1285,,,,Lavenia,Herzog,,,,black,nonhispanic,F,Merrimac  Massachusetts  US,710 Sporer Highlands,Billerica,Massachusetts,Middlesex County,,00000,42.54684068138429,-71.21613336344136,1744.80,1147.23,125792
91b772fc-5436-eb4b-87b3-f737e2206b50,1964-01-02,,999-82-4961,S99949451,X31244216X,Mrs.,Leah,Yundt,,Kertzmann,M,white,nonhispanic,F,Weston  Massachusetts  US,756 Stoltenberg Gateway,Chicopee,Massachusetts,Hampden County,25013,01022,42.15761331040329,-72.58636146022532,350734.42,889200.32,33199
11281c35-f8a3-7ab2-bdbe-0df4536570e0,1970-08-01,,999-53-6821,S99910799,X73811724X,Mrs.,Mathilde,Mills,,Baumbach,M,white,nonhispanic,F,Swansea  Massachusetts  US,718 Schumm Lodge Suite 25,Marblehead,Massachusetts,Essex County,25009,01945,42.52466607834099,-70.84819859335312,213414.83,1072523.81,355436
586b19e7-acea-669d-e166-6e82bcaa3778,1985-02-02,2010-12-05,999-54-8017,S99980455,X89061441X,Ms.,Shamika,Konopelski,,,,white,nonhispanic,F,Framingham  Massachusetts  US,120 Fadel Mall Suite 54,Andover,Massachusetts,Essex County,25009,01810,42.62421455892927,-71.21114568153918,121989.00,352420.21,152196
da8f7db6-2186-7c36-b2a5-a71f3be7ca70,1958-02-01,,999-28-4011,S99913000,X6018099X,Mrs.,Sibyl,McGlynn,,Barton,W,white,nonhispanic,F,Auburn  Massachusetts  US,195 Kilback Skyway Unit 34,Rehoboth,Massachusetts,Bristol County,,00000,41.831879838732696,-71.29319290775278,20633.16,702197.53,23130
34fd0fb8-a76f-2b8d-a074-4768ba2091f0,2008-06-12,,999-53-4802,,,,Golden,Ziemann,,,,white,nonhispanic,F,Burlington  Massachusetts  US,587 Green Estate Suite 81,Newton,Massachusetts,Middlesex County,25017,02460,42.289923906056124,-71.1917366619198,45698.07,292741.79,319334
45111710-f873-aa30-814c-b2f3b4f5ddfc,1985-02-02,,999-22-5842,S99984769,X44369804X,Mrs.,Eden,Yost,,Hermann,M,white,nonhispanic,F,Quincy  Massachusetts  US,697 McDermott Wall,Andover,Massachusetts,Essex County,25009,01810,42.68780150995809,-71.19532840737443,203604.56,534874.69,152196
